day,gridPoints,gridBoundary,decay,totalPercentage,type,accuracy,profit,profit.sd,profit.min,profit.max,accuracy.sd,accuracy.min,accuracy.max,sensitivity.D,sensitivity.D.min,sensitivity.D.max,sensitivity.L,sensitivity.L.min,sensitivity.L.max,sensitivity.W,sensitivity.W.min,sensitivity.W.max,sensitivity.sd
3,2,0.1,1,0.5,"xgboost",0.522175831082236,44.375,26.4723537730538,8.59000000000003,76.35,0.0145430077742672,0.496626180836707,0.539189189189189,0.25757716925836,0.213333333333333,0.333333333333333,0.478643243327227,0.442307692307692,0.504,0.58966441109673,0.561247216035635,0.601965601965602,0.169055141393246
